{"short_ma": 30, "long_ma": 60, "num_trades": 23, "num_lost_trades": 4, "performance": 0.97120154141198, "max_drawdown": -0.19160796641281264}