{"short_ma": 30, "long_ma": 60, "num_trades": 6, "performance": 1.6780365835883442, "max_drawdown": -0.04161954859505952}