{"num_trades": 1926, "num_lost_trades": 0, "performance": 0.07925384094455501, "max_drawdown": -0.9219488243100001}